CST,Max TemperatureF,Mean TemperatureF,Min TemperatureF,Max Dew PointF,MeanDew PointF,Min DewpointF,Max Humidity, Mean Humidity, Min Humidity, Max Sea Level PressureIn, Mean Sea Level PressureIn, Min Sea Level PressureIn, Max VisibilityMiles, Mean VisibilityMiles, Min VisibilityMiles, Max Wind SpeedMPH, Mean Wind SpeedMPH, Max Gust SpeedMPH,PrecipitationIn, CloudCover, Events, WindDirDegrees
2015-1-1,32,23,14,15,10,3,68,59,49,30.16,30.08,29.99,10,10,10,24,15,30,0.00,3,,244
2015-1-2,34,25,15,21,18,13,84,66,47,30.34,30.25,30.16,10,10,10,12,5,13,0.00,5,,184
2015-1-3,34,32,29,34,30,21,100,85,69,30.15,29.91,29.77,10,3,1,13,6,14,0.57,8,Rain-Snow,59
2015-1-4,33,18,2,32,18,-8,96,77,58,30.53,30.01,29.71,10,4,0,26,16,31,0.13,7,Fog-Snow,316
2015-1-5,6,2,-3,2,-4,-11,87,73,59,30.68,30.51,30.37,10,6,1,22,10,26,0.15,6,Snow,254
2015-1-6,10,3,-5,2,-1,-6,95,81,66,30.42,30.34,30.29,10,8,2,24,14,30,0.01,6,Snow,307
2015-1-7,6,0,-6,-4,-12,-15,69,60,51,30.83,30.67,30.37,10,10,10,28,17,33,0.00,1,,304
2015-1-8,18,5,-8,13,1,-15,83,74,64,30.65,29.99,29.77,10,3,0,28,18,39,0.06,7,Snow,229
2015-1-9,11,6,0,5,-4,-10,76,65,54,30.46,30.25,29.93,10,8,2,30,17,38,T,4,Snow,284
2015-1-10,24,11,-2,12,2,-7,86,70,53,30.47,30.38,30.28,10,10,10,22,12,27,0.00,5,,215
2015-1-11,32,27,22,27,22,11,92,73,54,30.29,30.26,30.23,10,5,0,18,8,21,0.19,7,Fog-Snow,215
2015-1-12,28,22,15,27,12,4,92,72,51,30.70,30.47,30.23,10,9,2,21,13,25,T,6,Snow,340
2015-1-13,19,11,3,10,8,2,83,73,62,30.76,30.65,30.49,10,8,2,20,8,23,T,6,Snow,72
2015-1-14,19,10,1,11,7,0,91,79,67,30.45,30.34,30.22,10,9,6,14,6,18,T,6,Snow,226
2015-1-15,34,26,17,22,18,11,88,75,61,30.20,30.06,29.97,10,10,9,21,10,27,0.00,4,,237
2015-1-16,34,29,23,25,23,20,88,76,64,30.21,30.12,30.00,10,10,7,15,8,18,0.00,5,,118
2015-1-17,42,34,26,32,29,22,88,74,60,29.96,29.70,29.61,10,10,7,28,15,37,0.00,7,,219
2015-1-18,40,34,27,31,28,25,92,78,64,30.01,29.82,29.64,10,10,9,20,10,24,T,5,Snow,270
2015-1-19,41,33,25,30,27,23,100,82,64,30.04,29.98,29.88,10,10,9,12,5,13,T,5,Snow,92
2015-1-20,36,33,29,33,30,27,96,91,85,30.03,29.93,29.83,10,7,3,17,7,23,T,8,,36
2015-1-21,33,31,29,29,26,21,92,81,69,30.29,30.10,29.99,10,9,7,14,8,17,0.01,8,Snow,9
2015-1-22,31,30,28,24,23,21,78,75,72,30.45,30.38,30.26,10,10,8,15,7,19,0.00,8,,289
2015-1-23,31,30,29,24,23,22,85,77,69,30.35,30.11,29.82,10,10,9,17,12,24,0.00,8,,234
2015-1-24,43,36,29,31,28,24,89,77,65,29.79,29.70,29.62,10,10,9,18,8,24,0.00,7,,264
2015-1-25,34,29,24,32,24,15,96,80,63,30.01,29.83,29.66,10,6,1,26,15,35,0.08,7,Snow,39
2015-1-26,26,21,15,24,20,12,100,84,68,30.01,29.92,29.85,10,6,2,13,6,16,0.07,8,Snow,181
2015-1-27,32,26,20,25,21,15,92,73,53,30.29,30.14,29.93,10,9,5,13,6,15,T,6,Snow,35
2015-1-28,34,27,19,26,19,13,88,69,49,30.31,30.14,29.82,10,10,10,20,11,25,0.01,6,Rain,167
2015-1-29,35,32,28,29,26,19,82,69,56,30.34,29.96,29.69,10,8,1,26,14,35,0.01,8,Snow,321
2015-1-30,30,24,18,14,10,7,73,58,42,30.55,30.46,30.36,10,10,10,20,7,27,T,2,,315
2015-1-31,36,28,19,29,24,14,92,76,59,30.34,30.21,30.14,10,7,1,16,7,19,0.12,7,Snow,235
2015-2-1,31,25,19,30,23,16,100,92,84,30.14,29.88,29.75,1,0,0,30,18,39,0.87,8,Fog-Snow,46
2015-2-2,19,13,6,11,4,0,88,71,53,30.25,30.15,29.93,10,7,1,24,13,31,0.05,5,Snow,300
2015-2-3,26,14,2,22,15,1,88,78,68,30.20,30.09,29.99,10,6,0,15,5,18,0.09,7,Fog-Snow,216
2015-2-4,25,15,4,23,12,-4,96,79,61,30.42,30.15,29.97,10,6,2,20,11,24,0.02,7,Snow,336
2015-2-5,15,7,-2,4,-3,-8,86,69,51,30.53,30.42,30.26,10,10,10,20,9,25,0.00,2,,257
2015-2-6,31,22,13,23,14,5,88,73,57,30.25,30.14,29.96,10,10,10,18,9,26,0.00,6,,204
2015-2-7,41,30,18,36,29,19,100,85,70,29.95,29.77,29.61,10,9,5,16,8,21,0.00,6,,197
2015-2-8,39,32,25,35,30,24,100,93,85,30.01,29.79,29.57,10,4,2,23,10,29,0.01,8,Rain-Snow,3
2015-2-9,27,23,19,23,19,15,100,84,68,30.28,30.18,30.01,10,9,6,21,12,25,T,7,Snow,1
2015-2-10,33,24,14,20,17,14,81,69,56,30.28,30.20,30.05,10,10,10,20,8,24,0.00,7,,79
2015-2-11,35,27,18,29,22,7,85,73,60,30.13,30.03,29.95,10,9,4,23,13,28,T,7,,276
2015-2-12,18,13,8,7,-1,-5,67,57,47,30.50,30.41,30.15,10,10,5,28,13,34,T,4,Snow,327
2015-2-13,26,16,5,18,8,-2,83,72,61,30.44,30.17,29.90,10,10,10,21,11,26,T,6,Snow,236
2015-2-14,27,14,1,20,3,-13,77,61,45,30.51,30.07,29.77,10,8,1,38,19,48,T,6,Snow,328
2015-2-15,15,6,-3,7,0,-14,76,64,51,30.60,30.52,30.42,10,7,1,21,9,25,0.03,7,Snow,58
2015-2-16,18,12,5,6,-2,-8,67,52,36,30.42,30.18,30.00,10,10,9,12,5,14,0.00,8,,194
2015-2-17,19,14,8,13,7,-2,80,67,54,30.00,29.94,29.90,10,8,2,20,12,24,T,7,Snow,281
2015-2-18,8,3,-3,-2,-7,-16,79,64,49,30.29,30.08,29.88,10,9,4,26,15,32,T,4,Snow,305
2015-2-19,4,-2,-8,-11,-15,-18,65,55,44,30.43,30.39,30.30,10,10,10,23,11,27,0.00,1,,299
2015-2-20,18,6,-7,8,0,-12,76,63,49,30.41,30.16,29.98,10,8,2,24,13,29,0.01,7,Snow,186
2015-2-21,32,25,17,22,17,10,77,68,58,30.17,30.01,29.93,10,8,7,12,4,15,T,8,Snow,229
2015-2-22,28,15,2,20,4,-10,75,60,45,30.71,30.44,30.19,10,10,7,22,13,24,T,5,Snow,325
2015-2-23,12,4,-4,-7,-10,-15,62,50,38,30.76,30.61,30.30,10,10,10,21,10,25,0.00,1,,282
2015-2-24,29,17,4,21,8,-6,75,63,50,30.25,29.84,29.70,10,9,2,26,16,35,0.01,5,Snow,246
2015-2-25,26,18,10,17,11,-3,92,67,42,30.06,30.00,29.87,10,5,1,15,8,20,0.17,6,Snow,20
2015-2-26,19,10,0,14,7,-8,88,69,49,30.47,30.19,30.02,10,4,0,20,13,23,0.17,6,Fog-Snow,2
2015-2-27,14,6,-2,-4,-6,-10,72,59,46,30.71,30.62,30.47,10,10,10,14,8,17,0.00,0,,275
2015-2-28,21,6,-10,14,2,-13,91,65,39,30.77,30.63,30.48,10,8,2,13,5,15,0.02,4,Snow,173
2015-3-1,25,18,10,17,13,7,92,80,67,30.46,30.37,30.27,10,7,2,17,7,23,T,5,Snow,252
2015-3-2,33,23,13,19,12,7,80,60,39,30.55,30.43,30.25,10,10,10,15,7,18,0.00,5,,234
2015-3-3,34,29,24,31,25,16,92,78,63,30.23,29.84,29.62,10,5,1,23,13,29,0.13,8,Rain-Snow,198
2015-3-4,31,21,10,23,7,-3,81,60,39,30.38,30.15,29.87,10,10,10,23,13,31,0.00,6,,304
2015-3-5,16,10,3,-2,-4,-8,69,56,42,30.58,30.50,30.38,10,10,10,16,10,23,0.00,2,,296
2015-3-6,27,14,0,17,8,-4,83,69,54,30.55,30.33,30.14,10,10,9,24,13,30,0.00,3,,209
2015-3-7,44,34,24,29,25,17,82,68,53,30.15,30.07,29.99,10,9,7,20,10,24,0.00,3,,254
2015-3-8,40,34,28,31,26,24,85,70,54,30.24,30.17,30.13,10,10,10,16,7,20,0.00,5,,250
2015-3-9,50,38,25,36,28,21,92,69,45,30.21,30.15,30.08,10,9,4,14,6,17,0.00,1,,209
2015-3-10,51,43,35,41,37,33,100,83,66,30.09,30.02,29.95,8,3,0,14,7,18,0.00,6,Fog,216
2015-3-11,51,41,30,37,30,21,100,67,34,30.45,30.24,30.04,10,7,2,16,6,19,0.00,0,,3
2015-3-12,56,42,28,30,28,24,78,57,35,30.51,30.44,30.34,10,10,10,18,9,22,0.00,2,,134
2015-3-13,65,51,37,42,33,29,80,54,28,30.32,30.14,29.98,10,10,10,13,6,16,0.00,7,,201
2015-3-14,60,49,37,42,35,31,82,61,39,30.20,30.04,29.97,10,10,8,26,12,31,0.00,4,,325
2015-3-15,62,46,29,38,33,27,92,64,36,30.28,30.15,29.97,10,10,10,24,10,30,0.00,4,,222
2015-3-16,73,58,42,47,38,33,83,59,35,29.97,29.88,29.72,10,10,10,30,13,39,0.00,6,,256
2015-3-17,45,37,28,37,23,10,86,57,27,30.36,30.22,29.98,10,10,10,30,14,40,0.00,6,,35
2015-3-18,50,39,28,20,16,9,69,45,21,30.36,30.31,30.25,10,10,10,14,5,17,0.00,7,,194
2015-3-19,46,42,37,29,18,13,60,43,25,30.28,30.21,30.10,10,10,10,22,8,26,0.00,8,,101
2015-3-20,50,44,38,37,34,29,85,71,56,30.11,30.07,30.01,10,10,6,18,9,23,0.00,6,,225
2015-3-21,49,41,32,37,32,25,92,73,53,30.25,30.11,29.95,10,8,4,21,10,29,0.00,3,,43
2015-3-22,35,31,26,27,20,12,85,64,43,30.34,30.29,30.25,10,8,1,18,11,24,0.02,6,Snow,52
2015-3-23,31,30,28,27,25,21,92,85,78,30.31,30.26,30.22,10,4,0,17,11,27,0.61,8,Fog-Snow,74
2015-3-24,37,28,19,27,21,16,88,68,47,30.31,30.22,29.93,10,10,8,22,11,24,0.04,6,Rain,95
2015-3-25,41,38,35,36,34,29,100,87,73,30.06,29.91,29.76,10,6,1,22,11,28,0.25,8,Rain,253
2015-3-26,42,37,31,29,25,17,82,66,50,30.09,30.00,29.95,10,10,10,17,11,25,0.00,7,,309
2015-3-27,31,26,21,24,16,8,84,64,43,30.24,30.14,30.06,10,7,2,23,12,29,0.04,5,Snow,21
2015-3-28,36,28,20,15,11,6,74,52,29,30.37,30.31,30.24,10,10,10,15,7,19,0.00,0,,51
2015-3-29,47,36,24,37,25,14,79,63,47,30.28,29.99,29.75,10,9,4,30,15,36,0.01,6,Rain-Snow,210
2015-3-30,61,48,34,36,31,27,76,54,32,30.07,29.96,29.74,10,10,10,22,11,30,T,5,,275
2015-3-31,58,49,39,39,35,32,93,67,40,29.97,29.87,29.68,10,9,3,23,9,29,0.00,5,,330
2015-4-1,72,54,35,38,36,32,89,58,26,30.06,29.95,29.79,10,10,9,28,12,34,0.00,2,,188
2015-4-2,65,58,50,54,44,32,93,67,40,29.86,29.72,29.64,10,9,4,23,11,28,0.36,7,Rain,239
2015-4-3,53,42,30,33,29,27,92,65,38,30.19,29.97,29.81,10,10,10,22,10,26,T,6,Rain,354
2015-4-4,58,43,28,27,22,18,85,54,23,30.29,30.20,30.09,10,10,10,29,11,37,0.00,1,,253
2015-4-5,66,51,36,33,26,19,85,52,18,30.11,30.04,29.96,10,10,10,21,10,29,0.00,5,,252
2015-4-6,62,48,34,39,35,31,89,67,44,30.09,30.01,29.97,10,10,8,17,7,22,0.04,6,Rain,68
2015-4-7,46,42,38,44,38,34,96,88,79,30.12,30.06,30.00,10,6,2,21,14,28,T,8,Rain,51
2015-4-8,50,45,40,45,41,37,100,90,80,30.00,29.94,29.87,7,3,0,17,9,25,0.05,8,Fog-Rain,47
2015-4-9,71,56,41,64,52,40,93,80,66,29.86,29.67,29.44,10,4,0,33,14,46,1.41,8,Fog-Rain-Thunderstorm,145
2015-4-10,62,51,39,42,37,30,82,60,37,30.16,29.83,29.54,10,10,10,35,17,46,T,5,Rain,274
2015-4-11,62,50,38,36,32,27,82,56,29,30.27,30.20,30.15,10,10,10,16,8,23,0.00,0,,236
2015-4-12,68,55,41,39,35,31,70,50,29,30.16,30.07,29.93,10,10,10,23,11,28,T,5,Rain,177
2015-4-13,65,57,49,54,41,26,93,59,24,30.18,29.97,29.83,10,9,4,25,13,34,0.22,6,Rain-Thunderstorm,258
2015-4-14,66,53,39,31,22,14,60,37,13,30.28,30.23,30.19,10,10,10,12,5,16,0.00,4,,58
2015-4-15,64,54,43,32,28,22,53,40,26,30.28,30.23,30.17,10,10,10,18,11,24,0.00,5,,68
2015-4-16,66,56,45,44,39,24,92,61,30,30.15,30.11,30.04,10,9,4,16,7,23,T,6,Rain,83
2015-4-17,78,62,45,49,45,41,93,62,31,30.11,30.04,29.98,10,9,5,14,5,17,0.00,3,,244
2015-4-18,65,56,47,47,40,32,77,62,46,30.10,30.03,29.97,10,10,7,26,10,33,0.00,5,,33
2015-4-19,68,58,48,51,41,25,100,65,30,29.96,29.60,29.26,10,7,3,16,10,23,0.46,7,Rain,59
2015-4-20,52,47,41,50,42,30,100,77,53,29.62,29.37,29.23,10,8,2,29,16,37,0.01,7,Rain,263
2015-4-21,54,46,38,33,27,22,73,53,32,29.70,29.63,29.58,10,10,10,38,20,52,T,3,,268
2015-4-22,46,40,34,27,24,20,70,56,41,29.90,29.80,29.69,10,10,7,26,13,32,T,6,Snow,288
2015-4-23,55,44,32,27,22,15,69,46,22,30.07,30.01,29.91,10,10,10,22,9,27,0.00,0,,303
2015-4-24,57,43,29,36,25,14,79,49,19,30.10,30.01,29.89,10,10,6,20,7,26,0.16,5,Rain,92
2015-4-25,48,44,39,42,37,30,89,76,62,29.90,29.80,29.72,10,8,4,22,13,28,0.16,8,Rain,63
2015-4-26,56,46,35,30,27,23,76,54,32,30.06,29.99,29.88,10,10,10,23,11,30,0.00,0,,24
2015-4-27,55,47,38,35,32,30,76,60,43,30.14,30.11,30.05,10,10,10,20,10,25,0.00,1,,24
2015-4-28,58,47,35,36,34,32,85,66,46,30.18,30.10,29.99,10,10,10,16,5,20,0.00,2,,46
2015-4-29,61,50,38,37,35,33,79,59,39,29.98,29.94,29.90,10,10,10,17,7,22,T,4,,23
2015-4-30,51,45,38,38,34,31,85,71,56,30.11,30.00,29.90,10,10,10,21,12,27,0.00,4,,21
2015-5-1,67,53,38,41,38,34,92,65,37,30.19,30.13,30.08,10,10,10,14,6,16,0.00,4,,42
2015-5-2,76,63,50,42,37,34,68,46,23,30.09,30.02,29.94,10,10,9,16,7,22,0.00,4,,220
2015-5-3,78,67,55,59,48,39,90,62,33,29.97,29.94,29.88,10,9,5,22,10,28,0.42,7,Rain-Thunderstorm,200
2015-5-4,74,65,55,58,52,37,87,68,48,30.19,30.06,29.89,10,10,10,18,9,26,T,7,,285
2015-5-5,56,52,47,51,47,38,100,76,51,30.25,30.21,30.17,10,4,0,15,9,19,0.95,8,Fog-Rain-Thunderstorm,36
2015-5-6,77,62,46,60,51,46,100,79,57,30.22,30.16,30.06,9,3,0,13,6,15,0.00,7,Fog,57
2015-5-7,83,68,52,62,53,48,89,60,31,30.06,29.99,29.88,10,9,7,29,11,37,0.04,4,Rain,178
2015-5-8,81,72,63,65,63,61,93,72,51,29.97,29.94,29.90,10,8,1,31,9,42,0.75,8,Rain-Thunderstorm,212
2015-5-9,64,56,47,63,53,42,100,86,71,30.11,30.04,29.95,10,5,0,17,9,23,0.29,8,Fog-Rain,38
2015-5-10,54,50,45,49,46,44,100,92,83,30.06,30.03,29.97,10,4,0,17,9,22,0.14,8,Fog-Rain,37
2015-5-11,68,58,47,62,53,40,100,76,52,29.95,29.84,29.76,10,8,0,28,13,37,0.22,7,Rain,209
2015-5-12,56,50,44,41,38,33,68,60,51,30.31,30.08,29.89,10,10,10,28,17,38,T,7,,280
2015-5-13,52,46,40,36,34,31,79,65,50,30.52,30.42,30.32,10,10,10,16,10,22,0.00,2,,37
2015-5-14,66,55,43,52,43,32,82,63,44,30.38,30.25,30.04,10,9,5,21,11,25,0.24,7,Rain,129
2015-5-15,76,67,57,63,59,53,93,77,60,30.02,29.97,29.94,10,10,4,17,8,23,T,8,Rain,224
2015-5-16,79,71,62,66,64,60,93,80,67,30.02,29.99,29.96,10,9,6,16,8,20,0.03,6,Rain,184
2015-5-17,82,74,66,69,65,60,93,74,54,29.99,29.92,29.82,10,8,2,28,16,36,T,7,Rain,177
2015-5-18,77,63,49,64,53,37,87,64,40,30.14,30.00,29.93,10,10,10,26,15,35,0.00,4,,251
2015-5-19,53,47,40,38,35,30,71,63,54,30.27,30.21,30.14,10,10,10,18,10,24,0.00,7,,337
2015-5-20,48,44,39,40,32,25,86,64,42,30.27,30.21,30.14,10,10,8,17,8,20,0.04,7,Rain,24
2015-5-21,69,57,45,42,37,34,76,52,27,30.13,30.07,30.01,10,10,10,18,10,25,0.00,4,,280
2015-5-22,66,57,47,41,33,25,76,50,23,30.30,30.19,30.01,10,10,10,16,9,21,0.00,3,,63
2015-5-23,80,63,46,45,39,32,61,42,23,30.35,30.26,30.17,10,10,10,20,8,23,0.00,3,,170
2015-5-24,72,66,59,62,54,45,93,71,48,30.19,30.07,29.90,10,8,2,15,7,22,0.36,7,Rain,124
2015-5-25,78,72,65,66,62,58,78,66,54,29.95,29.87,29.83,10,9,4,26,15,36,0.07,6,Rain,205
2015-5-26,74,69,64,67,64,60,93,81,68,29.93,29.83,29.74,10,8,1,31,13,43,0.50,6,Rain,191
2015-5-27,74,67,59,61,58,53,87,68,49,30.13,29.96,29.82,10,10,10,23,11,28,T,4,,254
2015-5-28,82,68,54,57,54,52,93,65,36,30.20,30.14,30.04,10,10,10,16,6,23,0.00,4,,128
2015-5-29,81,72,63,67,63,55,87,71,54,30.04,29.97,29.88,10,9,1,25,10,39,0.20,7,Rain,193
2015-5-30,71,58,44,65,52,38,100,88,76,30.14,30.03,29.92,10,8,3,29,14,38,0.41,8,Rain,7
2015-5-31,55,49,42,42,39,37,89,72,54,30.23,30.17,30.10,10,7,2,26,16,33,T,8,Rain,28
2015-6-1,60,52,44,43,39,34,77,60,43,30.27,30.23,30.20,10,10,10,17,9,20,0.00,5,,45
2015-6-2,70,56,42,47,43,37,83,58,33,30.22,30.15,30.08,10,10,10,15,5,21,0.00,2,,80
2015-6-3,77,64,50,55,51,44,89,68,46,30.09,30.03,29.95,10,10,8,15,7,21,0.00,5,,157
2015-6-4,81,69,57,63,59,52,86,69,51,30.01,29.98,29.94,10,10,10,14,7,19,0.00,6,,203
2015-6-5,70,63,55,59,54,50,93,80,67,30.15,30.10,29.99,10,9,0,25,15,29,0.00,6,,31
2015-6-6,71,62,52,52,49,46,89,71,53,30.18,30.12,29.98,10,10,10,14,8,20,0.00,6,,50
2015-6-7,81,68,55,71,63,47,90,79,67,29.96,29.77,29.64,10,9,3,21,12,29,0.36,7,Rain-Thunderstorm,201
2015-6-8,84,73,61,67,62,54,93,67,40,29.77,29.69,29.64,10,9,5,28,12,34,0.04,6,Rain-Hail-Thunderstorm,263
2015-6-9,85,73,60,60,57,53,84,62,40,29.83,29.77,29.70,10,10,8,15,9,20,0.00,6,,243
2015-6-10,92,80,68,67,62,57,68,56,44,29.83,29.71,29.67,10,10,10,23,12,31,0.00,4,,233
2015-6-11,72,65,58,61,57,54,93,75,57,29.87,29.83,29.77,10,8,4,20,8,23,0.27,8,Rain,45
2015-6-12,67,62,56,64,58,54,100,93,86,29.96,29.82,29.71,10,4,2,16,8,20,0.13,8,Rain-Thunderstorm,14
2015-6-13,86,71,56,69,61,55,100,80,59,29.96,29.93,29.86,10,5,0,17,7,23,0.40,8,Fog-Rain-Thunderstorm,117
2015-6-14,83,76,68,70,68,66,100,82,63,29.94,29.90,29.88,10,7,2,17,7,23,0.60,7,Rain,223
2015-6-15,80,74,68,73,70,68,93,81,69,29.96,29.91,29.85,10,6,0,18,6,25,2.56,8,Fog-Rain-Thunderstorm,215
2015-6-16,72,64,56,65,54,44,93,69,44,30.16,30.09,29.98,10,9,5,14,10,,0.00,5,,33
2015-6-17,72,64,56,65,58,45,90,76,62,30.06,30.00,29.94,10,7,3,9,5,11,0.14,8,Rain,153
2015-6-18,79,69,58,70,65,50,100,77,54,30.06,29.95,29.91,10,7,0,21,10,26,0.27,7,Fog-Rain-Thunderstorm,242
2015-6-19,67,61,54,53,49,46,77,68,58,30.11,30.06,29.97,10,10,10,16,10,24,0.00,6,,36
2015-6-20,78,66,53,68,58,45,78,70,62,29.95,29.86,29.70,10,9,2,25,7,31,0.31,7,Rain-Thunderstorm,331
2015-6-21,84,76,67,68,65,60,100,72,44,29.94,29.88,29.80,10,10,9,16,8,21,0.00,6,,259
2015-6-22,83,75,66,74,71,65,97,83,69,29.98,29.84,29.70,10,9,4,28,10,35,0.09,7,Rain-Thunderstorm,212
2015-6-23,82,73,63,70,55,48,87,60,33,30.09,29.99,29.77,10,10,10,22,10,29,0.00,3,,325
2015-6-24,79,70,60,62,58,53,84,67,50,30.15,30.10,30.03,10,10,10,15,5,18,T,6,,214
2015-6-25,79,70,61,67,64,55,93,78,62,30.02,29.96,29.93,10,8,2,15,7,21,1.01,8,Rain-Thunderstorm,37
2015-6-26,67,63,58,61,58,54,97,89,81,30.02,29.99,29.94,10,6,0,16,9,21,0.13,8,Rain,33
2015-6-27,76,66,56,56,50,45,87,60,33,30.00,29.97,29.94,10,10,10,20,9,24,0.00,4,,21
2015-6-28,79,67,54,62,54,47,93,64,35,29.94,29.88,29.81,10,10,7,14,4,19,0.02,5,Rain,202
2015-6-29,75,70,64,65,63,60,93,79,64,29.82,29.79,29.77,10,7,3,13,4,16,0.62,7,Rain-Thunderstorm,105
2015-6-30,77,67,57,64,60,53,93,76,58,29.91,29.81,29.75,10,9,2,17,9,23,0.17,5,Rain,322
2015-7-1,69,62,54,55,51,49,86,72,57,30.00,29.96,29.92,10,10,10,14,7,22,0.00,7,,38
2015-7-2,69,61,53,55,52,48,93,76,59,30.01,30.00,29.97,10,9,2,17,9,21,0.00,6,,37
2015-7-3,77,66,55,56,53,48,86,66,46,29.99,29.95,29.91,10,10,10,12,4,14,0.00,7,,68
2015-7-4,81,70,59,57,56,53,84,62,39,30.03,29.98,29.94,10,9,3,10,4,15,0.00,1,,257
2015-7-5,83,72,60,62,59,55,90,68,46,30.09,30.04,29.99,10,6,1,13,5,17,0.00,1,,187
2015-7-6,85,75,64,72,67,61,93,79,65,30.01,29.91,29.82,10,7,3,26,10,32,0.49,6,Rain-Thunderstorm,214
2015-7-7,71,63,55,69,55,45,93,71,48,30.11,29.96,29.81,10,7,1,25,14,32,0.27,7,Rain,15
2015-7-8,67,61,54,58,54,48,93,78,63,30.12,30.04,29.93,10,8,2,13,8,17,0.07,8,Rain,44
2015-7-9,77,68,58,59,56,50,97,69,41,30.06,29.98,29.87,10,7,1,14,7,16,T,7,Rain,4
2015-7-10,83,71,59,60,56,53,100,69,37,30.12,30.09,30.05,10,9,5,12,4,15,0.00,4,,82
2015-7-11,78,70,61,67,60,55,90,70,50,30.15,30.10,30.01,10,10,8,13,5,18,0.03,7,Rain,165
2015-7-12,83,76,69,68,66,65,90,74,58,30.02,29.97,29.88,10,8,3,14,6,18,T,6,,102
2015-7-13,86,77,68,77,69,61,90,78,65,29.88,29.72,29.54,10,9,1,32,10,40,0.42,7,Rain-Thunderstorm,198
2015-7-14,83,72,61,67,63,49,84,70,55,29.91,29.68,29.54,10,10,10,24,13,36,0.00,4,,342
2015-7-15,75,67,59,58,52,45,78,59,40,30.04,29.99,29.91,10,10,10,16,9,19,0.00,5,,38
2015-7-16,75,67,58,70,64,54,100,82,64,30.04,29.90,29.78,10,7,2,21,8,26,0.97,8,Rain-Thunderstorm,135
2015-7-17,92,82,71,75,71,68,100,76,52,29.82,29.76,29.73,10,9,4,23,8,33,0.06,5,Rain-Thunderstorm,232
2015-7-18,89,81,73,76,72,69,93,79,65,29.89,29.83,29.76,10,10,2,23,8,30,0.54,5,Rain-Thunderstorm,188
2015-7-19,85,75,65,72,67,57,87,67,47,29.90,29.86,29.83,10,10,10,21,8,27,0.00,5,,289
2015-7-20,85,74,63,69,64,61,87,68,48,29.89,29.80,29.73,10,10,10,17,9,22,T,5,,270
2015-7-21,82,74,65,62,55,50,78,57,35,29.94,29.86,29.77,10,10,10,18,9,22,0.00,2,,337
2015-7-22,83,74,64,60,55,52,81,59,37,29.98,29.95,29.93,10,10,9,12,5,14,0.00,6,,243
2015-7-23,85,74,63,60,57,55,78,58,37,30.01,29.99,29.96,10,10,10,12,4,16,0.00,2,,94
2015-7-24,84,74,64,64,61,59,87,67,46,30.04,29.98,29.92,10,10,9,18,7,26,0.00,3,,213
2015-7-25,91,80,69,73,68,62,84,61,38,29.94,29.91,29.87,10,10,10,16,8,20,0.00,4,,322
2015-7-26,80,72,64,69,65,61,87,73,58,29.96,29.94,29.92,10,10,10,12,5,17,T,6,Rain,56
2015-7-27,88,78,67,72,64,59,90,65,39,30.01,29.98,29.94,10,10,9,17,9,22,0.00,4,,60
2015-7-28,91,79,67,74,68,64,90,70,50,29.99,29.94,29.86,10,10,10,17,6,23,0.00,4,,174
2015-7-29,88,79,70,74,63,49,87,57,26,30.01,29.95,29.90,10,10,10,21,11,26,T,5,Rain,283
2015-7-30,88,77,65,60,56,51,78,54,29,30.05,30.02,29.98,10,10,10,23,12,28,0.00,1,,280
2015-7-31,87,77,67,63,54,48,78,53,27,30.01,29.97,29.92,10,10,10,26,12,34,0.00,1,,291
2015-8-1,87,76,64,65,57,52,69,52,35,29.98,29.94,29.87,10,10,10,22,11,30,0.00,2,,270
2015-8-2,91,79,67,73,67,60,84,63,41,29.87,29.75,29.63,10,9,1,37,14,52,0.53,4,Rain-Thunderstorm,242
2015-8-3,82,75,67,67,57,47,93,61,28,29.90,29.82,29.73,10,10,10,20,10,26,0.00,3,,286
2015-8-4,82,72,61,58,54,50,84,60,36,30.03,29.95,29.90,10,10,10,18,8,23,0.00,4,,287
2015-8-5,82,72,61,64,57,52,90,63,36,30.05,30.02,29.98,10,10,10,16,6,20,0.00,6,,55
2015-8-6,83,74,64,65,61,56,87,64,40,29.97,29.94,29.90,10,10,10,14,7,18,0.00,5,,53
2015-8-7,83,73,63,63,59,56,87,65,42,29.93,29.89,29.84,10,10,10,18,9,23,0.00,5,,190
2015-8-8,82,75,68,66,64,61,90,74,58,29.98,29.91,29.82,10,10,6,17,7,19,0.00,6,,326
2015-8-9,80,74,67,68,66,64,93,78,62,29.99,29.95,29.89,10,7,3,14,5,18,T,7,Rain,182
2015-8-10,84,76,68,70,67,65,93,74,55,29.91,29.86,29.83,10,8,4,23,6,28,0.02,6,Rain,346
2015-8-11,82,74,65,65,59,51,93,68,43,30.09,30.03,29.91,10,10,10,18,7,22,0.00,2,,6
2015-8-12,81,71,61,61,59,54,84,63,42,30.18,30.13,30.09,10,10,10,14,5,17,0.00,2,,74
2015-8-13,85,75,65,65,61,59,81,63,44,30.12,30.07,30.02,10,10,10,18,10,26,0.00,4,,235
2015-8-14,90,79,67,70,66,60,82,66,50,30.14,30.08,30.04,10,10,4,29,10,40,0.21,7,Rain-Thunderstorm,263
2015-8-15,92,80,67,73,68,60,87,70,52,30.13,30.09,30.04,10,10,10,18,5,22,0.14,4,Rain-Thunderstorm,217
2015-8-16,89,80,71,71,68,64,93,70,46,30.12,30.06,30.01,10,10,7,17,7,23,0.00,1,,221
2015-8-17,88,78,68,70,67,64,90,68,46,30.05,29.99,29.94,10,9,2,23,7,30,0.12,5,Rain-Thunderstorm,221
2015-8-18,83,75,67,72,67,65,97,78,58,29.94,29.80,29.68,10,9,4,26,9,32,0.40,7,Rain-Thunderstorm,184
2015-8-19,75,69,62,68,61,53,97,72,46,29.74,29.69,29.62,10,10,10,22,13,31,T,6,Rain,219
2015-8-20,74,67,59,56,52,48,84,63,41,30.01,29.82,29.70,10,10,10,26,14,35,0.00,5,,254
2015-8-21,82,69,55,60,55,52,86,64,42,30.09,30.06,30.03,10,10,10,17,8,23,0.00,1,,202
2015-8-22,81,71,60,58,56,53,84,62,39,30.11,30.05,29.96,10,10,10,22,10,30,0.00,3,,175
2015-8-23,77,69,61,68,58,51,84,65,46,29.95,29.87,29.83,10,10,7,24,12,34,T,5,Rain,242
2015-8-24,75,65,55,51,48,44,77,56,35,29.99,29.94,29.89,10,10,10,29,14,36,0.00,4,,275
2015-8-25,72,66,59,53,50,46,72,61,49,30.08,30.01,29.96,10,10,10,16,9,20,0.00,7,,316
2015-8-26,67,62,56,53,52,51,86,72,58,30.18,30.14,30.07,10,10,10,12,6,14,0.00,7,,341
2015-8-27,76,64,51,56,53,50,100,73,46,30.22,30.16,30.12,10,10,9,16,4,21,0.00,3,,109
2015-8-28,72,64,56,63,58,55,87,77,66,30.14,30.10,30.06,10,10,8,12,5,14,0.00,7,,156
2015-8-29,70,67,63,67,64,60,100,91,81,30.07,30.02,29.99,10,5,2,13,6,16,0.74,8,Rain,65
2015-8-30,77,70,62,65,63,61,100,80,60,30.08,30.04,30.00,10,6,3,9,4,15,0.00,6,,40
2015-8-31,85,73,60,68,65,61,100,78,55,30.07,30.04,30.00,10,5,0,13,3,18,0.00,1,Fog,167
2015-9-1,88,78,68,73,71,68,97,78,59,30.04,30.01,29.98,10,9,5,16,7,22,0.00,1,,202
2015-9-2,90,81,72,70,68,66,90,69,47,30.05,29.99,29.93,10,10,10,18,7,23,T,3,,230
2015-9-3,91,81,71,70,68,66,87,69,50,29.95,29.92,29.86,10,10,7,21,9,24,0.00,4,,248
2015-9-4,85,77,68,69,67,66,90,76,61,30.05,30.00,29.95,10,10,10,14,5,17,0.00,3,,63
2015-9-5,87,78,69,69,68,66,97,74,51,30.12,30.06,30.03,10,10,7,16,7,20,0.00,5,,177
2015-9-6,92,81,70,68,66,63,84,63,41,30.07,30.02,29.95,10,10,9,20,10,27,0.00,2,,200
2015-9-7,88,82,76,70,67,65,74,64,53,29.99,29.95,29.92,10,10,10,14,7,17,T,7,,231
2015-9-8,81,75,68,72,70,66,93,81,69,29.94,29.85,29.77,10,8,0,28,9,35,1.04,8,Fog-Rain-Thunderstorm,226
2015-9-9,77,68,58,66,57,47,93,65,36,30.02,29.97,29.89,10,10,10,14,6,22,0.00,5,,25
2015-9-10,74,64,54,60,58,54,97,73,49,29.99,29.94,29.89,10,10,4,22,6,27,0.21,5,Rain-Thunderstorm,259
2015-9-11,67,61,54,59,55,47,90,75,60,30.05,29.98,29.91,10,9,4,24,11,28,0.17,6,Rain,354
2015-9-12,65,58,50,48,45,40,83,62,40,30.07,30.04,30.01,10,10,10,20,11,24,T,4,,355
2015-9-13,70,59,48,46,45,42,93,65,37,30.06,30.02,29.97,10,10,10,17,7,23,0.00,2,,258
2015-9-14,82,67,52,54,51,45,77,57,37,30.09,30.03,30.00,10,10,10,24,13,31,0.00,1,,199
2015-9-15,82,72,62,56,53,49,68,51,33,30.22,30.17,30.10,10,10,10,21,12,26,0.00,3,,190
2015-9-16,83,70,56,57,54,50,80,60,39,30.23,30.16,30.08,10,10,10,21,11,26,0.00,1,,188
2015-9-17,85,73,61,68,62,55,90,71,51,30.08,29.96,29.81,10,9,1,37,12,48,0.36,5,Rain-Thunderstorm,192
2015-9-18,74,70,65,70,68,65,100,92,84,29.88,29.82,29.70,10,7,1,31,7,43,2.41,8,Rain-Thunderstorm,105
2015-9-19,71,62,53,68,56,43,93,65,37,30.12,29.88,29.67,10,9,0,28,10,33,0.05,6,Fog-Rain-Thunderstorm,327
2015-9-20,73,62,50,53,49,43,93,66,39,30.22,30.16,30.12,10,10,10,14,4,17,0.00,3,,119
2015-9-21,74,63,52,54,49,44,100,69,38,30.18,30.13,30.09,10,10,8,14,5,20,0.00,0,,142
2015-9-22,80,67,53,55,52,48,100,68,35,30.22,30.17,30.11,10,10,9,10,4,12,0.00,2,,158
2015-9-23,80,69,57,57,53,48,86,61,35,30.27,30.24,30.20,10,10,9,14,4,17,0.00,4,,85
2015-9-24,76,66,56,60,57,55,93,72,50,30.28,30.24,30.22,10,10,9,12,6,19,0.00,6,,52
2015-9-25,73,67,60,62,60,58,100,83,66,30.26,30.23,30.21,10,9,6,18,9,22,0.00,6,,29
2015-9-26,75,68,60,61,58,53,90,72,53,30.27,30.21,30.15,10,10,8,15,8,19,0.00,5,,72
2015-9-27,74,68,61,63,61,54,93,78,63,30.14,30.08,30.02,10,10,7,12,7,14,T,6,,157
2015-9-28,77,71,64,66,64,63,93,79,64,30.03,29.98,29.92,10,10,9,12,4,14,0.00,7,,209
2015-9-29,68,62,55,63,56,46,93,83,72,30.14,30.03,29.91,10,8,2,29,15,34,0.40,7,Rain,17
2015-9-30,61,57,52,46,43,41,72,61,49,30.25,30.20,30.13,10,10,10,25,16,33,0.00,4,,37
2015-10-1,59,56,52,44,42,41,68,61,53,30.35,30.30,30.26,10,10,10,28,18,36,0.00,5,,52
2015-10-2,60,56,51,47,41,39,71,60,49,30.36,30.33,30.28,10,10,10,25,19,38,0.00,4,,54
2015-10-3,54,51,48,47,42,37,93,76,59,30.25,30.21,30.19,10,8,3,25,17,37,0.01,8,Rain,61
2015-10-4,57,54,50,53,49,45,89,85,80,30.21,30.19,30.18,10,10,10,17,11,25,0.00,8,,49
2015-10-5,60,58,55,55,54,53,93,89,84,30.21,30.17,30.14,10,7,4,10,7,19,0.00,8,,43
2015-10-6,71,63,55,56,54,50,100,75,49,30.19,30.14,30.09,10,8,3,12,5,19,T,6,,4
2015-10-7,71,63,54,56,54,50,93,75,57,30.16,30.13,30.08,10,10,7,15,7,19,0.00,4,,51
2015-10-8,77,64,50,62,55,48,89,68,47,30.12,29.96,29.85,10,10,4,21,8,26,0.05,5,Rain,214
2015-10-9,64,56,47,59,49,44,93,78,62,30.25,30.10,29.90,10,10,7,20,10,25,0.00,7,,8
2015-10-10,65,54,42,46,44,41,96,70,44,30.25,30.13,29.95,10,10,7,15,6,20,0.00,5,,224
2015-10-11,79,65,51,53,48,44,77,58,39,29.93,29.78,29.64,10,10,10,23,13,29,0.00,1,,213
2015-10-12,75,64,53,56,47,39,78,53,27,29.61,29.52,29.45,10,10,10,31,16,41,0.00,4,,252
2015-10-13,63,55,47,45,41,38,80,64,48,29.86,29.71,29.57,10,10,10,23,12,30,0.00,5,,301
2015-10-14,63,53,42,42,38,35,86,61,36,30.04,29.97,29.86,10,10,10,17,8,21,0.00,1,,298
2015-10-15,69,58,46,41,34,21,71,46,20,30.15,30.01,29.92,10,10,10,33,11,44,T,3,Rain,268
2015-10-16,55,46,37,34,29,26,70,53,35,30.34,30.25,30.15,10,10,10,21,11,26,0.00,1,,315
2015-10-17,53,43,33,28,23,17,70,49,28,30.49,30.41,30.34,10,10,10,21,9,25,0.00,1,,315
2015-10-18,60,47,33,36,28,24,75,52,28,30.51,30.42,30.32,10,10,10,12,6,14,0.00,0,,247
2015-10-19,73,60,47,38,32,26,49,38,26,30.30,30.12,29.99,10,10,10,28,19,38,0.00,3,,208
2015-10-20,74,66,57,55,41,36,86,58,29,30.13,30.07,30.02,10,10,8,20,10,27,0.11,6,Rain,221
2015-10-21,75,64,52,58,54,48,89,70,50,30.12,30.08,30.00,10,10,10,22,11,28,0.01,7,Rain,216
2015-10-22,62,57,51,54,46,39,86,67,47,30.30,30.24,30.12,10,10,10,13,7,19,0.00,6,,31
2015-10-23,64,58,52,61,49,42,93,75,56,30.27,30.07,29.89,10,9,4,18,12,23,0.16,8,Rain,130
2015-10-24,66,56,46,63,56,42,100,86,71,30.13,29.87,29.77,10,9,2,26,14,37,0.30,8,Rain,244
2015-10-25,62,52,41,41,38,33,89,62,34,30.38,30.32,30.16,10,10,10,13,4,17,0.00,1,,305
2015-10-26,61,49,37,45,40,37,92,67,42,30.42,30.36,30.31,10,10,10,14,6,18,0.00,4,,95
2015-10-27,56,53,50,50,44,40,96,78,59,30.30,30.09,29.75,10,9,2,26,14,32,0.49,8,Rain,99
2015-10-28,56,47,37,55,47,28,100,82,64,29.74,29.48,29.39,10,6,2,31,15,42,0.33,8,Rain,226
2015-10-29,47,42,36,39,33,28,82,74,65,29.98,29.69,29.52,10,10,10,28,16,36,T,7,,267
2015-10-30,56,46,36,42,38,34,100,76,51,30.15,30.08,30.00,10,10,10,15,7,18,0.00,4,,223
2015-10-31,52,49,45,50,45,39,100,86,71,30.03,29.81,29.67,10,6,2,22,11,28,0.77,8,Rain,187
2015-11-1,63,54,44,45,42,36,93,65,36,29.98,29.88,29.75,10,10,9,20,10,23,0.00,1,,235
2015-11-2,72,60,47,46,44,39,93,62,31,30.01,29.97,29.92,10,10,10,22,11,29,0.00,2,,209
2015-11-3,70,57,44,55,50,42,100,79,57,30.13,30.09,30.02,10,8,2,17,6,22,0.00,0,,192
2015-11-4,71,60,48,59,56,48,100,83,66,30.15,30.10,30.04,10,4,0,18,8,23,0.00,4,Fog,206
2015-11-5,70,65,59,61,58,53,97,77,57,30.04,29.89,29.66,10,10,8,31,16,41,T,7,Rain,200
2015-11-6,65,53,41,62,43,36,90,77,63,30.19,29.93,29.62,10,9,2,30,15,39,0.16,7,Rain,266
2015-11-7,53,44,35,36,32,28,85,65,44,30.42,30.31,30.20,10,10,10,22,10,28,0.00,1,,276
2015-11-8,52,40,28,31,28,27,92,67,41,30.47,30.39,30.31,10,10,7,13,4,16,0.00,0,,219
2015-11-9,56,43,29,35,30,24,92,61,30,30.31,30.23,30.13,10,10,9,10,2,13,0.00,1,,125
2015-11-10,56,44,32,35,31,29,89,64,38,30.15,30.07,29.98,10,10,8,10,4,12,0.00,1,,245
2015-11-11,63,50,36,51,44,31,85,68,51,29.98,29.61,29.29,10,8,2,36,14,46,0.42,6,Rain-Thunderstorm,170
2015-11-12,56,49,42,51,37,29,96,77,57,29.88,29.59,29.24,10,9,4,36,24,50,T,8,Rain,263
2015-11-13,47,40,32,28,26,22,75,57,38,30.26,30.07,29.89,10,10,10,31,15,43,0.00,2,,283
2015-11-14,57,41,25,35,29,22,85,62,38,30.32,30.23,30.16,10,10,10,21,9,26,0.00,2,,211
2015-11-15,64,54,44,36,34,32,62,47,31,30.25,30.20,30.17,10,10,10,20,10,25,0.00,2,,218
2015-11-16,57,50,43,46,40,34,93,67,40,30.16,30.11,30.05,10,8,2,24,12,29,0.12,7,Rain,166
2015-11-17,61,54,47,55,50,46,93,83,72,30.04,29.88,29.68,10,8,2,28,18,35,0.63,8,Rain,146
2015-11-18,62,55,47,56,47,39,86,72,57,29.68,29.55,29.45,10,10,5,38,21,49,0.20,7,Rain,191
2015-11-19,47,41,35,40,27,17,83,60,36,30.13,29.89,29.66,10,10,10,33,19,46,T,3,,247
2015-11-20,40,36,31,31,23,13,92,63,33,30.30,30.25,30.14,10,6,0,17,9,23,0.28,6,Fog-Snow,280
2015-11-21,33,26,18,32,27,13,100,87,74,30.23,30.07,29.93,10,3,0,29,12,35,1.16,7,Fog-Snow,10
2015-11-22,27,17,7,21,14,8,92,77,62,30.24,30.16,30.04,10,10,8,18,9,22,0.00,3,,219
2015-11-23,37,31,25,28,24,20,85,78,70,30.21,30.07,29.97,10,10,10,14,9,17,0.00,3,,242
2015-11-24,41,31,21,32,28,22,92,81,70,30.35,30.29,30.22,10,9,7,14,7,16,0.00,3,,166
2015-11-25,52,41,29,41,34,28,92,75,58,30.26,30.21,30.17,10,10,9,26,15,35,T,6,,179
2015-11-26,60,54,48,55,51,43,93,81,68,30.25,30.19,30.13,10,8,3,24,16,33,0.42,8,Rain,197
2015-11-27,56,45,34,54,36,29,93,88,82,30.44,30.33,30.13,10,5,2,25,16,31,0.84,8,Rain,14
2015-11-28,38,34,30,29,27,24,85,75,64,30.42,30.39,30.35,10,10,10,17,10,22,T,6,,8
2015-11-29,41,33,25,32,27,19,85,70,55,30.40,30.35,30.27,10,10,10,14,8,20,0.00,4,,29
2015-11-30,44,41,38,41,35,27,89,74,59,30.26,30.06,29.86,10,8,2,23,11,27,0.26,8,Rain,98
2015-12-1,43,40,37,43,36,29,100,80,60,29.85,29.82,29.79,10,8,2,21,10,29,0.18,7,Rain-Thunderstorm,208
2015-12-2,38,35,31,33,30,25,100,85,69,30.08,29.80,29.72,10,5,0,17,9,22,0.21,7,Fog-Rain-Snow,282
2015-12-3,35,33,30,31,30,27,89,86,82,30.43,30.30,30.09,10,8,6,17,11,22,0.00,8,,269
2015-12-4,47,40,32,37,33,31,100,80,60,30.61,30.53,30.41,10,6,2,17,8,21,0.00,5,,223
2015-12-5,46,38,29,34,31,29,100,79,58,30.65,30.58,30.46,10,4,0,13,8,18,0.00,7,Fog,191
2015-12-6,47,37,27,35,32,27,100,80,60,30.45,30.31,30.20,10,7,3,12,5,14,0.00,4,,211
2015-12-7,39,33,27,37,33,27,100,93,85,30.26,30.17,30.01,5,2,0,18,7,23,T,7,Fog-Snow,215
2015-12-8,47,43,38,42,38,34,92,84,76,30.02,29.88,29.71,10,8,5,18,11,22,0.00,8,,188
2015-12-9,52,46,40,43,40,36,100,82,63,29.78,29.71,29.64,10,9,5,16,8,19,0.00,4,,236
2015-12-10,57,49,41,42,38,37,82,67,51,29.75,29.58,29.44,10,10,10,35,17,44,0.00,5,,211
2015-12-11,51,46,41,43,36,33,80,68,56,29.84,29.78,29.61,10,10,10,17,8,23,T,6,,193
2015-12-12,57,52,47,52,47,43,100,90,80,30.00,29.92,29.80,10,3,0,10,3,17,T,8,Fog-Rain,18
2015-12-13,61,55,48,59,56,48,100,92,84,29.94,29.75,29.42,10,6,0,28,14,35,0.85,8,Fog-Rain,168
2015-12-14,61,52,42,57,46,38,93,85,76,29.59,29.33,29.21,10,9,2,35,16,48,0.39,8,Rain,211
2015-12-15,43,41,39,40,35,32,86,80,73,29.95,29.83,29.58,10,10,10,18,10,23,T,8,Rain,7
2015-12-16,53,44,35,45,37,25,96,75,53,29.87,29.69,29.52,10,9,3,26,16,37,0.12,7,Rain,189
2015-12-17,35,32,28,27,22,20,78,67,56,29.96,29.87,29.72,10,10,10,24,14,33,0.00,7,,267
2015-12-18,32,28,24,23,17,12,88,69,50,30.14,30.00,29.94,10,10,3,29,13,36,T,5,Snow,274
2015-12-19,30,23,15,17,12,7,81,64,47,30.41,30.34,30.16,10,10,10,21,12,26,0.00,1,,248
2015-12-20,50,37,23,37,28,19,81,62,42,30.31,30.03,29.85,10,10,7,28,16,37,0.03,7,Rain,192
2015-12-21,52,47,41,49,44,38,100,91,82,29.83,29.74,29.67,10,5,0,23,12,30,0.67,8,Rain,220
2015-12-22,41,38,35,40,35,32,100,93,85,29.88,29.82,29.71,10,6,0,21,9,24,0.02,8,,222
2015-12-23,59,50,40,57,50,34,100,83,66,29.68,29.36,29.11,10,5,0,39,17,53,0.49,8,Fog-Rain-Thunderstorm,166
2015-12-24,42,38,34,35,31,27,85,78,70,30.07,29.87,29.46,10,10,10,31,12,41,0.00,7,,238
2015-12-25,44,38,32,35,32,30,92,77,62,30.38,30.28,30.07,10,10,7,17,8,23,0.00,5,,27
2015-12-26,42,40,37,42,38,33,100,87,73,30.31,30.10,30.00,10,4,0,23,10,27,0.21,8,Fog-Rain,53
2015-12-27,40,38,35,39,32,25,100,82,64,30.38,30.24,30.05,10,9,3,25,17,34,0.14,8,Rain-Snow,16
2015-12-28,39,35,31,38,30,25,100,85,69,30.34,29.88,29.46,10,4,1,31,19,42,1.47,8,Rain-Snow,68
2015-12-29,39,34,29,37,29,24,100,89,78,30.18,29.87,29.48,10,8,2,21,11,27,T,8,Snow,255
2015-12-30,29,28,27,25,23,21,92,84,75,30.25,30.19,30.16,10,7,0,15,9,18,0.09,8,Fog-Snow,254
2015-12-31,28,25,22,22,18,15,81,72,63,30.32,30.27,30.21,10,10,9,20,13,26,T,6,Snow,261